Sample,sp,plant,treat,treatw,herb,omni,pred,herb_om,flower,diameter,height,complexity,sample_g,vaccum,total_abun,plant_g,plant_kg,plant_vol,arth_mg,vac_min,kg_min,mean_kg_min,kg_vac,abun_kg,mg_kg
ARCA1,ARCA,1,C,C,0.5446,0.0015,6.24679793,0.5461,N,0.87,1.01,11,7.827,2:44,17,791,0.791,0.600412549,6.79289793,2.733333333,0.289390244,0.24768664,0.677010148,25.11040646,10.03367224
ARCA10,ARCA,10,C,C,7.242380673,0,4.678706309,7.242380673,N,0.9,1.2,7,4.444,3:30,42,1130,1.13,0.763407015,11.88558698,3.5,0.322857143,0.24768664,0.866903238,48.44831365,13.71039633
ARCA11,ARCA,11,T,T,15.2560571,0,10.75026264,15.2560571,N,0.99,1.04,12,6.899,3:58,43,1130,1.13,0.80055949,26.00631973,3.966666667,0.28487395,0.24768664,0.982490337,43.76633376,26.46979696
ARCA14,ARCA,14,C,C,5.263333479,0,27.57847632,5.263333479,N,0.6,0.73,6,8,3:55,34,791,0.791,0.206402637,32.8418098,3.2,0.1765625,0.24768664,0.792597247,42.89694437,41.43568495
ARCA2,ARCA,2,T,T,13.79500686,0,0,13.79500686,N,0.91,1.37,9,4.998,3:24,15,678,0.678,0.89103186,13.79500686,3.4,0.199411765,0.24768664,0.842134575,17.81188002,16.38100047
ARCA3,ARCA,3,T,T,10.30941662,0,0.2659,10.30941662,N,1.29,1.45,8,4.544,3:03,45,678,0.678,1.895122571,10.55401662,3.05,0.222295082,0.24768664,0.755444251,59.56759875,13.97060949
ARCA4,ARCA,4,T,T,6.969194753,1.416092542,5.140104466,8.385287296,N,0.7,1.31,7,5.932,3:02,20,791,0.791,0.504147081,13.52539176,3.033333333,0.260769231,0.24768664,0.75131614,26.61995255,18.00226435
ARCA5,ARCA,5,C,C,4.773933479,0,24.36722409,4.773933479,N,0.78,0.92,10,8.675,3:45,18,791,0.791,0.439609343,29.14115757,3.6,0.156944444,0.24768664,0.891671902,20.18679735,32.68148014
ARCA6,ARCA,6,T,T,17.22565757,0,7.634956699,17.22565757,N,0.64,0.95,10,9.91,3:33,34,904,0.904,0.305614133,24.86061427,3.55,0.254647887,0.24768664,0.87928757,38.66766817,28.27358774
ARCA7,ARCA,7,T,T,6.437881997,0,6.399312794,6.437881997,N,0.75,0.9,12,7.983,3:23,20,1017,1.017,0.39760782,12.83719479,3.383333333,0.300591133,0.24768664,0.838006464,23.86616436,15.31873004
ARCA8,ARCA,8,C,C,5.212600287,5.66437017,5.048306309,10.87697046,N,0.73,1.06,11,6.868,3:45,27,791,0.791,0.443651002,15.92527677,3.75,0.210933333,0.24768664,0.928824898,29.06898819,17.14561786
ARCA9,ARCA,9,T,T,7.794820613,0,0.3716,7.794820613,N,1,1.25,6,3.209,2:42,21,791,0.791,0.981747704,8.166420613,2.7,0.292962963,0.24768664,0.668753927,31.40168477,12.21139837
ARDO1,ARDO,1,T,T,15.47592359,0,5.169005387,15.47592359,N,0.6,1.11,3,8.113,2:21,52,418.68,0.41868,0.313845106,20.64492898,1.966666667,0.212888136,0.199642747,0.392630735,132.439963,52.58103133
ARDO10,ARDO,10,C,C,10.39872523,1.416092542,5.192005387,11.81481778,N,0.72,0.83,3,1.098,2:40,26,418.68,0.41868,0.337934839,17.00682316,2.016666667,0.207609917,0.199642747,0.402612872,64.57816375,42.24113119
ARDO11,ARDO,11,C,C,3.964096394,0,5.064605387,3.964096394,N,0.55,0.74,6,3.533,2:35,25,348.9,0.3489,0.175811379,9.028701781,2.35,0.148468085,0.199642747,0.469160455,53.28667358,19.24437939
ARDO12,ARDO,12,T,T,7.153944411,0,8.224518442,7.153944411,N,0.48,0.78,8,NA,2:31,42,279.12,0.27912,0.141145475,20.03453392,2.216666667,0.125918797,0.199642747,0.442541422,94.90637021,45.27154508
ARDO13,ARDO,13,C,C,3.662247377,0,4.807277627,3.662247377,N,0.54,0.73,5,2.379,3:02,21,348.9,0.3489,0.167186136,18.3447966,2.566666667,0.108748052,0.199642747,0.512416383,40.98229623,35.80056612
ARDO3,ARDO,3,T,T,11.43459529,0,2.994652233,11.43459529,N,0.51,1,8,8,2:33,47,418.68,0.41868,0.204282062,32.18084385,2.083333333,0.2009664,0.199642747,0.415922389,113.0018515,77.3722327
ARDO4,ARDO,4,T,T,15.89512784,0.0341,5.140104466,15.92922784,N,0.74,0.82,2,NA,2:45,49,558.24,0.55824,0.352668908,21.0693323,2.2,0.253745455,0.199642747,0.439214043,111.5629175,47.97053431
ARDO5,ARDO,5,T,T,0.868357798,0,6.372094753,0.868357798,N,0.56,0.84,3,1.611,2:03,19,348.9,0.3489,0.206892726,7.001294753,1.9,0.183631579,0.199642747,0.379321219,50.08947317,18.45742977
ARDO6,ARDO,6,T,T,3.536040337,0,7.506958542,3.536040337,N,0.74,0.87,3,2.023,2:18,20,418.68,0.41868,0.37417311,11.04299888,1.933333333,0.252651724,0.199642747,0.385975977,51.81669638,28.610586
ARDO7,ARDO,7,T,T,2.096243901,0,8.922050163,2.096243901,N,0.6,0.68,2,1.766,1:55,17,418.68,0.41868,0.19226547,11.01829406,1.966666667,0.212888136,0.199642747,0.392630735,43.2976802,28.06273956
ARDO8,ARDO,8,C,C,15.3563362,0,1.520492542,15.3563362,N,0.75,0.79,3,3.522,2:56,26,628.02,0.62802,0.349011309,18.42885243,2.5,0.251208,0.199642747,0.499106867,52.09305209,36.92366037
ARDO9,ARDO,9,C,C,2.150483658,0,6.940659463,2.150483658,Y,0.81,0.77,4,NA,2:55,29,628.02,0.62802,0.396780796,9.091143121,2.65,0.236988679,0.199642747,0.529053279,54.81489516,17.18379507
ENCA1,ENCA,1,T,T,0.1408,1.416092542,4.362576843,1.556892542,Y,0.6,0.98,6,NA,2:45,9,219.9,0.2199,0.277088472,5.919469385,2.75,0.079963636,0.166850364,0.458838502,19.61474453,12.90098664
ENCA10,ENCA,10,C,C,0.2065,1.416092542,0,1.622592542,Y,1.35,0.85,12,22.222,3:42,6,703.68,0.70368,1.21667993,1.622592542,3.7,0.190183784,0.166850364,0.617346348,9.719017558,2.628334234
ENCA11,ENCA,11,C,C,0.656,0,0.1636,0.656,N,1.19,1.54,6,11.491,3:56,17,527.76,0.52776,1.712791602,0.8196,3.933333333,0.134176271,0.166850364,0.6562781,25.90365273,1.24886081
ENCA12,ENCA,12,T,T,2.925450739,0,4.960205387,2.925450739,N,0.91,1.37,4,5.308,2:30,16,263.88,0.26388,0.89103186,7.885656127,2.5,0.105552,0.166850364,0.417125911,38.35772263,18.90473815
ENCA14,ENCA,14,T,T,0.4036,0,0,0.4036,N,1.03,1.52,5,9.761,1:33,7,175.92,0.17592,1.266507946,0.4036,1.55,0.113496774,0.166850364,0.258618065,27.06694137,1.560602505
ENCA2,ENCA,2,C,C,0.0548,0,8.939350163,0.0548,N,1.64,1.12,8,6.545,3:28,7,703.68,0.70368,2.365895728,8.994150163,3.466666667,0.202984615,0.166850364,0.578414597,12.1020459,15.54965973
ENCA3,ENCA,3,T,T,6.796294753,2.900385085,7.091924219,9.696679838,Y,1.24,0.95,10,NA,4:00,22,615.72,0.61572,1.147246805,16.78860406,4,0.15393,0.166850364,0.667401458,32.96366789,25.15518039
ENCA4,ENCA,4,C,C,20.83518244,0,2.384753154,20.83518244,Y,1.2,0.94,12,11.47,3:38,40,615.72,0.61572,1.063114954,23.21993559,3.633333333,0.16946422,0.166850364,0.606222991,65.98232104,38.30263112
ENCA5,ENCA,5,C,C,11.66276582,1.416092542,3.321852233,13.07885836,N,0.81,1,15,4.747,2:58,25,439.8,0.4398,0.515299735,16.40071059,2.966666667,0.148247191,0.166850364,0.494989415,50.50613057,33.13345722
ENCA6,ENCA,6,C,T,0.819357798,0.0682,4.960205387,0.887557798,N,1.19,1.21,8,17.766,3:57,17,527.76,0.52776,1.34576483,5.608605387,3.95,0.133610127,0.166850364,0.65905894,25.79435462,8.510020956
ENCA7,ENCA,7,T,C,8.698589533,0,1.920223688,8.698589533,N,1.24,0.91,7,17.998,3:15,21,659.7,0.6597,1.098941677,10.61881322,3.25,0.202984615,0.166850364,0.542263684,38.72654689,19.58237943
ENCA8,ENCA,8,T,T,20.41869519,1.450192542,18.20493318,21.86888773,Y,1.23,0.9,7,NA,3:14,33,791.64,0.79164,1.069405993,40.07382091,3.233333333,0.244837113,0.166850364,0.539482845,61.16969298,74.28191884
ENCA9,ENCA,9,T,T,15.79172413,0,11.84590014,15.79172413,Y,1.3,0.81,10,NA,2:44,29,791.64,0.79164,1.075131546,27.63762427,2.733333333,0.28962439,0.166850364,0.456057663,63.58845025,60.60116192
ERFA1,ERFA,1,C,C,3.680795358,1.450192542,5.274538239,5.1309879,Y,1.43,0.9,14,23.456,3:26,30,564.59,0.56459,1.445454634,10.40552614,3.433333333,0.164443689,0.187846158,0.644938476,46.51606491,16.13413765
ERFA10,ERFA,10,T,T,2.728254882,1.722992542,5.875404466,4.451247424,Y,1.31,0.65,21,4.186,2:43,30,651.45,0.65145,0.876084162,10.32665189,2.716666667,0.239797546,0.187846158,0.510315396,58.78717406,20.23582274
ERFA11,ERFA,11,T,T,1.472771031,11.56744034,4.982405387,13.04021137,Y,1.14,0.71,20,18.28,2:51,31,651.45,0.65145,0.724699452,18.02261676,2.85,0.228578947,0.187846158,0.53536155,57.90479348,33.66438392
ERFA12,ERFA,12,T,T,3.851847377,0,9.873410775,3.851847377,Y,1.2,0.8,14,10.856,2:44,26,651.45,0.65145,0.904778684,13.72525815,2.733333333,0.238335366,0.187846158,0.513446165,50.63822026,26.73164021
ERFA13,ERFA,13,C,T,2.163697316,0.0341,0.6996,2.197797316,Y,1.09,0.77,14,5.252,2:26,20,477.73,0.47773,0.7185113,2.897397316,2.433333333,0.196327397,0.187846158,0.457092318,43.75483732,6.33875741
ERFA2,ERFA,2,T,T,1.716023688,8.001162712,6.226104466,9.717186401,Y,1.27,0.85,16,22.282,3:38,46,608.02,0.60802,1.076753393,15.94329087,3.633333333,0.167344954,0.187846158,0.682507707,67.39850629,23.35986935
ERFA3,ERFA,3,T,T,1.647823688,0.0341,2.900385085,1.681923688,Y,1.19,0.55,24,20.992,2:30,27,477.73,0.47773,0.611711287,4.582308773,2.5,0.191092,0.187846158,0.469615395,57.49385623,9.757577845
ERFA4,ERFA,4,T,C,3.516809791,1.484292542,10.92764363,5.001102334,Y,1.24,0.57,25,17.533,3:56,31,434.3,0.4343,0.688348083,15.92874596,3.933333333,0.110415254,0.187846158,0.738861555,41.95643934,21.55849883
ERFA5,ERFA,5,T,C,1.907623688,8.667055255,1.496853703,10.57467894,Y,0.99,0.63,16,10.943,3:38,25,477.73,0.47773,0.484954306,12.07153265,3.633333333,0.131485321,0.187846158,0.682507707,36.62962298,17.68702759
ERFA6,ERFA,6,C,T,6.640803796,0,17.73390033,6.640803796,Y,1.3,0.71,18,27.674,4:09,36,390.87,0.39087,0.942399256,24.37470412,4.15,0.094185542,0.187846158,0.779561556,46.1798042,31.26719622
ERFA7,ERFA,7,C,C,0.582,8.632955255,1.867792542,9.214955255,Y,1.56,0.87,35,10.366,4:25,30,825.17,0.82517,1.662870124,11.0827478,4.416666667,0.186830943,0.187846158,0.829653864,36.15965801,13.35827901
ERFA8,ERFA,8,T,T,5.744915481,0,0.1636,5.744915481,Y,1.51,0.66,30,14.982,3:21,28,1042.32,1.04232,1.181918993,5.908515481,3.35,0.311140299,0.187846158,0.629284629,44.49496889,9.389257591
ERFA9,ERFA,9,C,C,1.118617353,5.90307017,10.17441077,7.021687523,Y,1.6,0.79,24,25.013,4:32,30,825.17,0.82517,1.588389246,17.1960983,4.533333333,0.182022794,0.187846158,0.851569249,35.22907858,20.19342327
ERPA1,ERPA,1,T,T,2.64159472,0.0341,0.1636,2.67569472,Y,1.14,1.12,30,9.669,2:58,6,542.24,0.54224,1.143187868,2.83929472,2.966666667,0.182777528,0.245930646,0.72959425,8.223749027,3.891607865
ERPA10,ERPA,10,C,C,0.548,0,1.1793,0.548,N,1.21,1.01,25,12.456,3:17,18,847.25,0.84725,1.161400466,1.7273,3.283333333,0.258045685,0.245930646,0.807472287,22.2917867,2.139144621
ERPA11,ERPA,11,T,T,0.069,0,0.589,0.069,Y,1.31,0.7,18,6.26,2:39,8,508.35,0.50835,0.943475252,0.658,2.65,0.191830189,0.245930646,0.651716212,12.27528157,1.009641909
ERPA12,ERPA,12,T,T,0.2033,0.0341,1.0498,0.2374,N,0.87,0.88,11,9.333,2:40,14,440.57,0.44057,0.523131725,1.2872,2.666666667,0.16521375,0.245930646,0.655815056,21.34748185,1.962748474
ERPA13,ERPA,13,T,T,2.671323688,0,0.268,2.671323688,N,1.3,0.89,15,10.743,2:27,25,948.92,0.94892,1.181317378,2.939323688,3.733333333,0.254175,0.245930646,0.918141078,27.22893093,3.201385667
ERPA2,ERPA,2,C,C,0.2841,0,0,0.2841,Y,1.22,1.03,18,NA,3:33,6,610.02,0.61002,1.204056225,0.2841,3.866666667,0.157763793,0.245930646,0.950931831,6.309600547,0.298759586
ERPA3,ERPA,3,T,T,11.38776582,0,9.722311696,11.38776582,Y,1,0.85,25,9.576,2:28,19,542.24,0.54224,0.667588439,21.11007751,2.466666667,0.219827027,0.245930646,0.606628927,31.32062974,34.79899587
ERPA4,ERPA,4,C,C,8.19202406,0,5.549304466,8.19202406,N,1.3,0.8,30,23.779,3:29,19,847.25,0.84725,1.061858317,13.74132853,3.483333333,0.243229665,0.245930646,0.856658417,22.17920192,16.0406158
ERPA5,ERPA,5,T,T,0.4844,1.416092542,12.82326485,1.900492542,Y,1.18,0.72,31,36.256,2:30,23,813.36,0.81336,0.78738365,14.72375739,2.5,0.325344,0.245930646,0.614826615,37.40892057,23.94782047
ERPA6,ERPA,6,C,C,0.4384,0,0.164,0.4384,N,1,0.96,22,NA,1:20,12,305.01,0.30501,0.753982237,0.6024,1.333333333,0.2287575,0.245930646,0.327907528,36.59568317,1.837103295
ERPA7,ERPA,7,T,T,0.121,0.341,8.34125762,0.462,Y,1.47,0.91,20,13.662,3:21,25,1152.26,1.15226,1.544421871,8.80325762,3.666666667,0.314252727,0.245930646,0.901745702,27.7240024,9.762461416
ERPA8,ERPA,8,C,C,11.86716582,0,2.873953154,11.86716582,Y,1.63,0.99,90,9.854,3:04,29,982.81,0.98281,2.065857137,14.74111897,2.2,0.446731818,0.245930646,0.541047421,53.59973798,27.24552118
ERPA9,ERPA,9,T,T,0.123,0,0,0.123,Y,0.96,1.14,16,16.545,2:55,3,610.02,0.61002,0.82515816,0.123,2.916666667,0.209149714,0.245930646,0.717297717,4.182363791,0.171476915
ISME1,ISME,1,T,T,4.943471065,0,2.726652233,4.943471065,N,0.64,0.93,17,6.356,3:44,9,682.08,0.68208,0.299180152,7.670123298,3.733333333,0.1827,0.317122167,1.183922756,7.601847298,6.478567341
ISME10,ISME,10,C,C,24.01835532,0,0.0682,24.01835532,N,0.48,0.93,19,4.765,2:30,20,974.4,0.9744,0.168288835,24.08655532,2.5,0.38976,0.317122167,0.792805417,25.22687103,30.38142123
ISME11,ISME,11,C,C,35.54712114,0,2.681452233,35.54712114,N,0.54,1.04,10,6.096,3:20,33,974.4,0.9744,0.238182989,38.22857338,3.333333333,0.29232,0.317122167,1.057073889,31.2182529,36.16452339
ISME12,ISME,12,C,C,14.73606054,0.0341,2.690452233,14.77016054,N,0.99,1.18,24,13.111,2:34,35,1364.16,1.36416,0.908327113,17.46061277,2.566666667,0.531490909,0.317122167,0.813946894,43.00034835,21.45178376
ISME13,ISME,13,C,C,25.88897901,0,0,25.88897901,Y,0.59,1.19,11,7.2,2:55,25,1266.72,1.26672,0.32534255,25.88897901,2.916666667,0.434304,0.317122167,0.924939653,27.02879039,27.98991149
ISME2,ISME,2,T,T,6.022752868,0.192703153,2.994652233,6.215456021,N,0.84,0.84,17,NA,3:40,18,779.52,0.77952,0.465508633,9.203008254,3.666666667,0.212596364,0.317122167,1.162781278,15.48012541,7.914651216
ISME3,ISME,3,T,T,9.67774213,0,5.035704466,9.67774213,N,0.49,0.61,14,4.863,2:08,10,876.96,0.87696,0.1150302,14.7134466,2.133333333,0.411075,0.317122167,0.676527289,14.78136975,21.74848944
ISME4,ISME,4,T,T,13.09978951,0,5.140104466,13.09978951,N,0.58,1.04,15,10.228,3:19,19,1071.84,1.07184,0.27477626,18.23989397,3.316666667,0.323167839,0.317122167,1.051788519,18.06446795,17.34178842
ISME5,ISME,5,T,T,8.349918442,0,5.140104466,8.349918442,N,0.71,1.11,14,5.367,3:37,15,876.96,0.87696,0.439470328,13.49002291,3.616666667,0.242477419,0.317122167,1.146925169,13.07844696,11.76190328
ISME6,ISME,6,T,T,18.22092299,0,0,18.22092299,N,0.66,0.91,14,8.878,3:18,29,584.64,0.58464,0.31132869,18.22092299,3.3,0.177163636,0.317122167,1.04650315,27.7113356,17.41124524
ISME7,ISME,7,T,T,6.211357168,0,0.245,6.211357168,N,0.64,0.82,21,9.677,4:29,6,974.4,0.9744,0.263793252,6.456357168,4.483333333,0.21733829,0.317122167,1.42176438,4.220108537,4.541088001
ISME8,ISME,8,T,T,22.69933164,0,0.6404,22.69933164,N,0.77,0.8,11,7.682,3:47,27,1364.16,1.36416,0.372530057,23.33973164,3.783333333,0.360570925,0.317122167,1.199778864,22.50414707,19.45336123
ISME9,ISME,9,C,C,16.61363688,0,2.622252233,16.61363688,N,0.6,0.83,25,12.921,3:05,25,1071.84,1.07184,0.234676971,19.23588912,3.083333333,0.347623784,0.317122167,0.977793347,25.5677747,19.67275516
LUAL1,LUAL,1,T,T,10.51494213,0.0341,0.5109,10.54904213,N,0.51,1.21,4,NA,3:12,35,252.76,0.25276,0.247181295,11.05994213,3.2,0.0789875,0.195798281,0.6265545,55.86106239,17.65200335
LUAL10,LUAL,10,T,T,3.427647377,0,0.1574,3.427647377,N,0.84,0.6,7,15.044,3:03,9,505.52,0.50552,0.332506166,3.585047377,3.05,0.165744262,0.195798281,0.597184758,15.07071285,6.00324662
LUAL11,LUAL,11,T,T,29.18102639,0.1364,12.70016209,29.31742639,N,0.98,0.53,5,13.517,3:09,41,505.52,0.50552,0.39977709,42.01758848,3.15,0.16048254,0.195798281,0.616764586,66.47593094,68.12581244
LUAL12,LUAL,12,T,T,9.422036876,0.1023,5.452304466,9.524336876,N,0.81,0.7,11,5.041,2:31,51,758.28,0.75828,0.360709815,14.97664134,2.516666667,0.301303311,0.195798281,0.492759008,103.4988691,30.39344002
LUAL13,LUAL,13,T,T,9.264086474,0,0.053,9.264086474,N,0.8,0.71,10,5.249,2:18,36,631.9,0.6319,0.356884925,9.317086474,2.3,0.27473913,0.195798281,0.450336047,79.94030295,20.68918654
LUAL2,LUAL,2,C,C,3.826047377,1.450192542,7.183397008,5.276239919,N,0.83,0.72,12,1.458,2:23,27,505.52,0.50552,0.389563772,12.45963693,2.383333333,0.212106294,0.195798281,0.46665257,57.8588906,26.70002852
LUAL3,LUAL,3,C,C,2.021223688,0,1.693092542,2.021223688,N,0.64,0.59,5,3.564,2:41,15,379.14,0.37914,0.189802462,3.714316231,2.683333333,0.14129441,0.195798281,0.525392054,28.5501082,7.069608685
LUAL4,LUAL,4,T,T,0.1096,0,4.591606309,0.1096,N,0.84,0.56,7,10.151,2:42,5,505.52,0.50552,0.310339089,4.701206309,2.7,0.18722963,0.195798281,0.528655359,9.457957654,8.892762038
LUAL5,LUAL,5,C,C,0.935508676,0.0341,0.1155,0.969608676,N,0.58,0.6,5,9.867,2:35,18,315.95,0.31595,0.158524765,1.085108676,2.583333333,0.122303226,0.195798281,0.505812226,35.58632841,2.14527965
LUAL6,LUAL,6,T,T,1.137271031,4.282377627,6.858297008,5.419648659,N,0.6,0.64,3,13.333,2:12,15,379.14,0.37914,0.180955737,12.27794567,2.2,0.172336364,0.195798281,0.430756219,34.82248045,28.50323487
LUAL7,LUAL,7,T,T,3.370603456,0,10.99324271,3.370603456,N,0.8,0.68,4,NA,3:02,39,631.9,0.6319,0.341805281,14.36384616,3.033333333,0.208318681,0.195798281,0.593921453,65.66524885,24.18475725
LUAL8,LUAL,8,C,C,6.018144411,0,0,6.018144411,N,0.85,0.78,9,13.862,2:52,9,568.71,0.56871,0.442611135,6.018144411,2.866666667,0.198387209,0.195798281,0.561288406,16.03453751,10.72201803
LUAL9,LUAL,9,C,C,6.672142735,0,1.797623688,6.672142735,N,0.91,0.77,5,13.353,2:33,28,821.47,0.82147,0.500798929,8.469766423,2.55,0.322145098,0.195798281,0.499285617,56.08012538,16.96377011
SAAP1,SAAP,1,T,T,19.4854316,0,13.62858762,19.4854316,Y,0.98,1.24,12,NA,2:47,37,1433.7,1.4337,0.935327531,33.11401922,2.783333333,0.515101796,0.377672155,1.051187498,35.1982877,31.50153447
SAAP10,SAAP,10,T,T,12.54526696,0,4.884706309,12.54526696,N,1.21,0.67,13,NA,2:45,73,1529.28,1.52928,0.770433972,17.42997327,2.75,0.556101818,0.377672155,1.038598427,70.28703119,16.7822065
SAAP11,SAAP,11,T,T,24.28759223,0,0.1636,24.28759223,N,1.02,0.72,10,NA,2:32,46,1146.96,1.14696,0.588332339,24.45119223,2.533333333,0.452747368,0.377672155,0.95676946,48.07845771,25.55599155
SAAP12,SAAP,12,C,C,6.954553088,0,2.517852233,6.954553088,N,0.85,0.9,8,1.286,2:20,21,860.22,0.86022,0.510705156,9.472405321,2.333333333,0.368665714,0.377672155,0.881235029,23.83019208,10.74901135
SAAP14,SAAP,14,C,T,,,,,N,1.13,0,8,NA,2:19,43,1146.96,1.14696,0,NA,2.316666667,0.495090647,0.377672155,0.874940493,49.14619949,NA
SAAP15,SAAP,15,T,T,20.00424206,0,6.476804466,20.00424206,Y,1.07,0.65,7,16.134,4:15,38,764.64,0.76464,0.584481532,26.24188873,4.25,0.179915294,0.377672155,1.605106659,23.67443919,16.34899997
SAAP2,SAAP,2,C,C,10.2763007,0,2.726652233,10.2763007,N,0.82,0.9,14,NA,2:51,38,764.64,0.76464,0.475291553,12.52463733,2.85,0.268294737,0.377672155,1.076365642,35.30398827,11.6360434
SAAP3,SAAP,3,T,T,18.70283219,0.1023,17.49917116,18.80513219,Y,1.09,0.77,13,NA,2:18,51,1146.96,1.14696,0.7185113,35.82598775,2.3,0.498678261,0.377672155,0.868645957,58.71206744,41.24348645
SAAP4,SAAP,4,C,C,13.49550618,0,2.083823688,13.49550618,Y,1.01,1.42,17,NA,4:31,37,1624.86,1.62486,1.137682226,15.57932986,4.516666667,0.359747601,0.377672155,1.705819234,21.69045774,9.133048537
SAAP5,SAAP,5,T,T,2.366553103,4.452877627,0,6.81943073,N,1.04,0.78,9,NA,2:39,19,716.85,0.71685,0.66259959,6.101957335,2.65,0.270509434,0.377672155,1.000831211,18.98422011,6.096889533
SAAP6,SAAP,6,C,C,4.079252518,0.0341,1.891023688,4.113352518,N,1.11,0.54,11,7.58,2:34,31,1146.96,1.14696,0.522552102,5.765218408,2.566666667,0.446867532,0.377672155,0.969358531,31.97991145,5.947457231
SAAP7,SAAP,7,T,T,11.62701316,0,5.358304466,11.62701316,Y,0.91,0.78,8,NA,2:40,33,860.22,0.86022,0.507302811,16.98531763,2.666666667,0.3225825,0.377672155,1.007125747,32.76651411,16.8651409
SAAP8,SAAP,8,C,C,1.867023688,0,0,1.867023688,N,0.83,0.92,6,7.555,3:13,6,573.48,0.57348,0.497775931,1.867023688,3.216666667,0.178283938,0.377672155,1.214845432,4.938899913,1.536840522
SAAP9,SAAP,9,T,T,11.43615306,0,2.278753154,11.43615306,N,0.87,0.8,7,3.5,2:33,22,955.8,0.9558,0.475574296,13.71490622,2.55,0.374823529,0.377672155,0.963063996,22.84375711,14.24090848
SAME1,SAME,1,T,T,4.827395894,0,0.3272,4.827395894,N,0.8,0.82,5,NA,3:20,12,376.5,0.3765,0.412176956,5.154595894,3.333333333,0.11295,0.136439644,0.454798814,26.38529309,11.33379362
SAME10,SAME,10,T,T,0.086,0.1023,7.202459463,0.1883,Y,1.31,0.9,4,7.119,3:41,12,502,0.502,1.213039609,7.390759463,3.683333333,0.136289593,0.136439644,0.502552689,23.8780933,14.706437
SAME11,SAME,11,C,C,3.467647377,1.484292542,2.681452233,4.951939919,Y,1.64,1.88,8,8.657,4:03,13,753,0.753,3.971324973,7.633392152,4.05,0.185925926,0.136439644,0.552580559,23.52598149,13.81408019
SAME12,SAME,12,T,T,1.447471031,0,2.819553154,1.447471031,N,0.85,0.74,7,10.121,3:25,21,502,0.502,0.419913128,4.267024186,3.416666667,0.146926829,0.136439644,0.466168784,45.04806138,9.153388925
SAME14,SAME,14,T,T,4.649918408,0,5.228205387,4.649918408,N,0.67,1.32,14,NA,3:01,19,376.5,0.3765,0.465386111,9.878123796,3.016666667,0.12480663,0.136439644,0.411592926,46.16211499,23.9997414
SAME2,SAME,2,C,C,0.914290902,0,0.0682,0.914290902,N,1.19,1.14,6,13.579,3:31,10,627.5,0.6275,1.267910667,0.982490902,3.516666667,0.178436019,0.136439644,0.479812749,20.84146374,2.047654851
SAME3,SAME,3,T,T,4.538458308,0.0341,2.831052233,4.572558308,N,0.94,0.64,4,15.858,4:17,13,502,0.502,0.444145803,7.403610541,4.283333333,0.117198444,0.136439644,0.584416476,22.24441052,12.66838094
SAME4,SAME,4,T,T,4.577195894,0,25.9318912,4.577195894,Y,1.61,1.55,4,14.051,4:00,29,690.25,0.69025,3.155537398,30.50908709,4,0.1725625,0.136439644,0.545758577,53.13704859,55.902167
SAME5,SAME,5,T,T,1.79222586,0,0.3021,1.79222586,N,0.74,0.78,5,15.351,3:09,23,313.75,0.31375,0.335465547,2.09432586,3.15,0.099603175,0.136439644,0.429784879,53.51514472,4.872963108
SAME6,SAME,6,C,C,11.06129082,0,0.0682,11.06129082,Y,0.94,1.55,4,9.333,3:30,16,439.25,0.43925,1.075665617,11.12949082,3.5,0.1255,0.136439644,0.477538754,33.50513408,23.30594264
SAME7,SAME,7,C,T,2.450832365,0,1.920223688,2.450832365,N,0.55,0.8,8,22.3,3:15,14,439.25,0.43925,0.190066356,4.371056053,3.25,0.135153846,0.136439644,0.443428843,31.57214558,9.857401289
SAME8,SAME,8,C,C,5.57506214,0,0,5.57506214,N,0.74,0.79,6,9.281,2:57,12,376.5,0.3765,0.339766387,5.57506214,2.95,0.127627119,0.136439644,0.40249695,29.8138905,13.85119101
SAME9,SAME,9,T,C,7.20876106,0,0,7.20876106,N,1.17,1.7,6,5.949,3:12,9,439.25,0.43925,1.827723628,7.20876106,3.966666667,0.110735294,0.136439644,0.541210588,16.6293864,13.31969702